1659448824790065786;1659448824790039254;Марков;Евгений;Евлампийович
1659448824790081139;1659448824790069175;Титова;Майя;Бояновна
1659448824790085103;1659448824790069175;Титова;Октябрина;Бояновна
1659448824790087945;1659448824790069175;Титов;Доброслав;Боянович
1659448824790101473;1659448824790090565;Никитин;Пахом;Владиславович
1659448824790114793;1659448824790103940;Власов;Юлий;Филимонович
1659448824790117543;1659448824790103940;Власова;Светлана;Филимоновна
1659448824790120829;1659448824790103940;Власова;Светлана;Филимоновна
1659448824790124005;1659448824790103940;Власов;Сила;Филимонович
1659448824790138134;1659448824790126751;Сафонов;Фадей;Баженович
1659448824790140738;1659448824790126751;Сафонов;Георгий;Баженович
1659448824790143563;1659448824790126751;Сафонова;Надежда;Баженовна
1659448824790146272;1659448824790126751;Сафонова;Алла;Баженовна
1659448824790159230;1659448824790148600;Шашков;Святослав;Игорьович
1659448824790161921;1659448824790148600;Шашков;Дорофей;Игорьович
1659448824790175218;1659448824790164242;Орехов;Парамон;Владиленович
1659448824790177862;1659448824790164242;Орехов;Борислав;Владиленович
1659448824790191630;1659448824790180390;Дьячков;Евгений;Трифонович
1659448824790194332;1659448824790180390;Дьячков;Фотий;Трифонович
1659448824790198062;1659448824790180390;Дьячков;Арсений;Трифонович
1659448824790211212;1659448824790200561;Щербаков;Пимен;Антипович
1659448824790224063;1659448824790213510;Ширяев;Геннадий;Януарийович
1659448824790226585;1659448824790213510;Ширяев;Ираклий;Януарийович
1659448824790239471;1659448824790228918;Поляков;Андрон;Мартынович
16594488247902411883;1659448824790228918;Поляков;Аким;Мартынович
1659448824790244545;1659448824790228918;Полякова;Вера;Мартыновна
1659448824790247310;1659448824790228918;Полякова;Евдокия;Мартыновна
1659448824790260898;1659448824790249517;Ершов;Самуил;Сидорович
1659448824790275237;1659448824790263209;Зимин;Сигизмунд;Станиславович
1659448824790275236;1659448824790263209;Зимин;Сигизмунд;Станиславович
1659448824790294339;1659448824790278722;Самсонов;Ананий;Якубович
1659448824790296996;1659448824790278722;Самсонов;Геннадий;Якубович
1659448824790299816;1659448824790278722;Самсонов;Владимир;Якубович
1659448824790313002;1659448824790302374;Гаврилова;Надежда;Святославовна
1659448824790313001;1659448824790302374;Гаврилова;ПРОВЕРКА;Святославовна
1659448824790325963;1659448824790315342;Сазонов;Остап;Сигизмундович
1659448824790328531;1659448824790315342;Сазонова;Маргарита;Сигизмундовна
1659448824790341253;1659448824790330929;Михеева;Ангелина;Амосовна
1659448824790343793;1659448824790330929;Михеева;Александра;Амосовна
1659448824790346381;1659448824790330929;Михеева;Любовь;Амосовна
1659448824790359326;1659448824790348688;Кулакова;Ангелина;Селиверстовна
1659448824790362021;1659448824790348688;Кулаков;Ростислав;Селиверстович
1659448824790364800;1659448824790348688;Кулаков;Ян;Селиверстович
1659448824790367449;1659448824790348688;Кулаков;Аникей;Селиверстович
1659448824790380067;1659448824790369792;Маркова;Пелагея;Владленовна
1659448824790382781;1659448824790369792;Марков;Влас;Владленович
1659448824790395765;1659448824790385058;Кузьмина;Нонна;Соломоновна
1659448824790398345;1659448824790385058;Кузьмина;Марина;Соломоновна
1659448824790411053;1659448824790400550;Громова;Василиса;Степановна
1659448824790413717;1659448824790400550;Громова;Евдокия;Степановна
1659448824790416308;1659448824790400550;Громова;Елена;Степановна
1659448824790428982;1659448824790418459;Анисимов;Прокофий;Трофимович
1659448824790431607;1659448824790418459;Анисимов;Федор;Трофимович
1659448824790434449;1659448824790418459;Анисимова;Елизавета;Трофимовна
1659448824790447904;1659448824790436841;Щербаков;Фрол;Самсонович
1659448824790462220;1659448824790450385;Наумов;Спартак;Парамонович
1659448824790476412;1659448824790465879;Котова;Лидия;Панфиловна
1659448824790489135;1659448824790478763;Гришин;Аникей;Мирович
1659448824790501447;1659448824790491365;Зуев;Эрнст;Сократович
1659448824790504144;1659448824790491365;Зуев;Мокей;Сократович
1659448824790516772;1659448824790506251;Самойлова;Евфросиния;Лаврентиевна
1659448824790529524;1659448824790519034;Уваров;Владимир;Автономович
1659448824790532089;1659448824790519034;Уварова;Анна;Автономовна
1659448824790534638;1659448824790519034;Уварова;Алина;Автономовна
1659448824790537248;1659448824790519034;Уваров;Кир;Автономович
1659448824790549624;1659448824790539436;Блохин;Пимен;Ростиславович
1659448824790552181;1659448824790539436;Блохин;Любим;Ростиславович
1659448824790554969;1659448824790539436;Блохин;Добромысл;Ростиславович
1659448824790584937;1659448824790584999;Зимин;TESTERTEST;Станиславович
1659448824790589009;1659448824790589000;Зимин;TEST22TEST;Станиславович
